tokens,token_label,case,case_label,status,valid_rows,padded_rows,down_ms,gate_up_ms,total_ms,speed_vs_sonic,total_valid_tflops,gpu_memory_peak_gb,gpu_memory_peak_bytes,down_deepseek_calc_diff,gate_up_deepseek_calc_diff,max_deepseek_calc_diff,correctness_status,run_dir,results_json,summary_json,log_path,error_log_path,error_tail
4096,4k,deepgemm_fp8,DeepGEMM FP8,failed,40960,65536,14.805929687499999,29.674217708333334,44.480147395833335,,23.174207177572416,36.952081408,36952081408,0.0019271684605323136,4.641518391856891e-09,0.0019271684605323136,deepseek_calc_diff_failed,artifacts/sm90_fp8_wgrad_matrix_full_20260629T100608Z/qwen3_5_397b_a17b/ep1/balanced/deepgemm/tokens_4k_deepgemm_fp8,artifacts/sm90_fp8_wgrad_matrix_full_20260629T100608Z/qwen3_5_397b_a17b/ep1/balanced/deepgemm/tokens_4k_deepgemm_fp8/results.json,artifacts/sm90_fp8_wgrad_matrix_full_20260629T100608Z/qwen3_5_397b_a17b/ep1/balanced/deepgemm/tokens_4k_deepgemm_fp8/summary.json,artifacts/sm90_fp8_wgrad_matrix_full_20260629T100608Z/qwen3_5_397b_a17b/ep1/balanced/deepgemm/tokens_4k_deepgemm_fp8/run.log,artifacts/sm90_fp8_wgrad_matrix_full_20260629T100608Z/qwen3_5_397b_a17b/ep1/balanced/deepgemm/tokens_4k_deepgemm_fp8/logs/deepgemm_fp8.error.log,DeepSeek calc_diff max=1.927168e-03 exceeds gate 1.000000e-03; down=1.927168e-03; gate_up=4.641518e-09
8192,8k,deepgemm_fp8,DeepGEMM FP8,failed,81920,131072,,,,,,22.25534464,22255344640,,,,,artifacts/sm90_fp8_wgrad_matrix_full_20260629T100608Z/qwen3_5_397b_a17b/ep1/balanced/deepgemm/tokens_8k_deepgemm_fp8,artifacts/sm90_fp8_wgrad_matrix_full_20260629T100608Z/qwen3_5_397b_a17b/ep1/balanced/deepgemm/tokens_8k_deepgemm_fp8/results.json,artifacts/sm90_fp8_wgrad_matrix_full_20260629T100608Z/qwen3_5_397b_a17b/ep1/balanced/deepgemm/tokens_8k_deepgemm_fp8/summary.json,artifacts/sm90_fp8_wgrad_matrix_full_20260629T100608Z/qwen3_5_397b_a17b/ep1/balanced/deepgemm/tokens_8k_deepgemm_fp8/run.log,artifacts/sm90_fp8_wgrad_matrix_full_20260629T100608Z/qwen3_5_397b_a17b/ep1/balanced/deepgemm/tokens_8k_deepgemm_fp8/logs/deepgemm_fp8.error.log,"Traceback (most recent call last):
  File ""sm90-fp8-wgrad/scripts/benchmark_wgrad.py"", line 744, in run_one_case
    down_fn()
  File ""sm90-fp8-wgrad/scripts/benchmark_wgrad.py"", line 736, in <lambda>
    down_fn = lambda: run_deepgemm_wgrad(
                      ^^^^^^^^^^^^^^^^^^^
  File ""sm90-fp8-wgrad/src/sm90_fp8_wgrad/deepgemm_baseline.py"", line 83, in run_deepgemm_wgrad
    fn(
RuntimeError: CUDA driver error (csrc/apis/../jit_kernels/impls/../../jit/handle.hpp:178): 1 (CUDA_ERROR_INVALID_VALUE, invalid argument)"
